{"v_loss": 0.00012302593677304685, "a_loss": 3.212294340133667, "c_loss": 0.07852929085493088, "_timestamp": 1688609492.5524065, "_runtime": 4.611765623092651, "_step": 232}